{
  "project_info": {
    "project_number": "85438466098",
    "firebase_url": "https://aniflix-app.firebaseio.com",
    "project_id": "aniflix-app",
    "storage_bucket": "aniflix-app.appspot.com"
  },
  "client": [
    {
      "client_info": {
        "mobilesdk_app_id": "1:85438466098:android:830610f4341a9d3c3f542b",
        "android_client_info": {
          "package_name": "xyz.dommi.aniflix_app"
        }
      },
      "oauth_client": [
        {
          "client_id": "85438466098-t8bot7d6br83mf8cia1eleft1rpghaur.apps.googleusercontent.com",
          "client_type": 3
        }
      ],
      "api_key": [
        {
          "current_key": "AIzaSyCl23VkWvCVMj_GVN5fgKMy3QNVwYSLcvk"
        }
      ],
      "services": {
        "appinvite_service": {
          "other_platform_oauth_client": [
            {
              "client_id": "85438466098-t8bot7d6br83mf8cia1eleft1rpghaur.apps.googleusercontent.com",
              "client_type": 3
            }
          ]
        }
      }
    }
  ],
  "configuration_version": "1"
}